StartDate,EndDate,Status,Progress,Duration (in seconds),Finished,RecordedDate,ResponseId,DistributionChannel,UserLanguage,Q_RecaptchaScore,Q1,Q3,Q4,Q5,Q6,Q7,Q8,Q9,Q10,Q11,Q13,Q14,Q15,Q16,Q17,Q18,Q19,Q20,Q21,Q22,Q23,BDD_Score
2/25/2022 14:52,2/25/2022 14:55,IP Address,100,143,TRUE,2/25/2022 14:55,R_ut9sAAxzWRre2Ix,anonymous,EN,1,I am over 18 years old and I consent to participating in this research project,About 10 times or more a day,Slightly unattractive,Slightly distressing,Avoid about ¼ of the time,Slightly preoccupied,Slightly,Not at all,Slightly,Slightly,"Instagram,Snapchat,Pinterest,YouTube",3 - 10 hrs/day,Instagram,"Celebrities,Body health/Fitness, Beauty,Music, songs, movies,Nutrition, food, cooking",Yes,No,NA,21-24,Senior,Female,she/her/hers,12
2/28/2022 8:55,2/28/2022 8:58,IP Address,100,181,TRUE,2/28/2022 8:58,R_QnWw2kdUhYe97RD,anonymous,EN,0.899999976,I am over 18 years old and I consent to participating in this research project,About 5 times or more a day,Markedly unattractive,Slightly distressing,Avoid about ¼ of the time,Not at all preoccupied,Not at all,Not at all,Slightly,Moderately,"Instagram,Facebook,Snapchat,Pinterest,TikTok",3 - 10 hrs/day,"Facebook,TikTok","Body health/Fitness, Beauty,Music, songs, movies,Nutrition, food, cooking,Video games ,Shopping,Sex and sex education",No,Yes,"Mockery,Insult or abuse,Bullying",21-24,Junior,Female,She/her,18
2/28/2022 10:02,2/28/2022 10:09,IP Address,100,419,TRUE,2/28/2022 10:09,R_27wyVwuFYbE3IsL,anonymous,EN,1,I am over 18 years old and I consent to participating in this research project,About 40 times or more a day,Markedly unattractive,Extremely distressing,Avoid about half of the time,Very preoccupied,Extremely,Not at all,Moderately,Mostly,"Instagram,Snapchat,YouTube",3 - 10 hrs/day,YouTube,"Music, songs, movies,Video games ,Technology and smartphones",No,No,NA,18-20,Junior,Male,He/Him/His,54
2/28/2022 10:44,2/28/2022 10:46,IP Address,100,131,TRUE,2/28/2022 10:46,R_2c6BYJzB9WDQMBV,anonymous,EN,1,I am over 18 years old and I consent to participating in this research project,About 10 times or more a day,Slightly unattractive,Markedly distressing,Avoid about ¼ of the time,Moderately preoccupied,Slightly,Not at all,Slightly,Moderately,"Instagram,Snapchat,YouTube,TikTok",3 - 10 hrs/day,TikTok,"Body health/Fitness, Beauty,Music, songs, movies,Nutrition, food, cooking,Video games ,Sports news and competition",Yes,No,NA,21-24,Senior,Male,He/Him,50
2/28/2022 10:44,2/28/2022 10:48,IP Address,100,252,TRUE,2/28/2022 10:48,R_1excREyWwmK74Pv,anonymous,EN,0.899999976,I am over 18 years old and I consent to participating in this research project,About 10 times or more a day,Slightly unattractive,Slightly distressing,Avoid about ¼ of the time,Moderately preoccupied,Markedly,Slightly,Slightly,Slightly,"Instagram,Snapchat,TikTok",3 - 10 hrs/day,"Snapchat,TikTok","Music, songs, movies,Video games ,Shopping,Technology and smartphones,Politics,Art",No,Yes,Incitement to do immoral acts,18-20,Junior,Not listed,she/her/he/him,26
2/28/2022 10:59,2/28/2022 11:03,IP Address,100,259,TRUE,2/28/2022 11:03,R_1EX4qgyh3KbWQmm,anonymous,EN,1,I am over 18 years old and I consent to participating in this research project,About 20 times or more a day,Slightly unattractive,Slightly distressing,Avoid about ¼ of the time,Moderately preoccupied,Slightly,Not at all,Slightly,Slightly,YouTube,<3 hrs/day,YouTube,"Body health/Fitness, Beauty,Music, songs, movies,Politics,Art",No,No,NA,25+,Other,Male,"he, him, his",26
2/28/2022 11:03,2/28/2022 11:07,IP Address,100,216,TRUE,2/28/2022 11:07,R_2YA4BRrASa8Rp2K,anonymous,EN,0.899999976,I am over 18 years old and I consent to participating in this research project,About 5 times or more a day,Slightly unattractive,Moderately distressing,Avoid about ¼ of the time,Moderately preoccupied,Markedly,Moderately,Moderately,Slightly,"Instagram,Facebook,Snapchat,Pinterest,YouTube,TikTok",<3 hrs/day,Instagram,"Music, songs, movies,Nutrition, food, cooking,Technology and smartphones,Travel and tourism ,Business and economy ,Art",No,No,NA,25+,Senior,Female,"She,her",22
2/28/2022 12:07,2/28/2022 12:09,IP Address,100,148,TRUE,2/28/2022 12:09,R_28Zf3JhHoEdLlJS,anonymous,EN,1,I am over 18 years old and I consent to participating in this research project,About 40 times or more a day,Markedly unattractive,Extremely distressing,Avoid about half of the time,Very preoccupied,Moderately,Moderately,Markedly,Moderately,"Instagram,Snapchat,Pinterest,TikTok",10 - 20 hrs/day,"Instagram,Snapchat,TikTok","Celebrities,Fashion related,Body health/Fitness, Beauty,Music, songs, movies,Nutrition, food, cooking,Politics",Yes,Yes,"Mockery,Insult or abuse,Bullying,Threats or defamation,Incitement to do immoral acts ,Others",18-20,Freshman,Female,she/her/hers,30
2/28/2022 13:17,2/28/2022 13:20,IP Address,100,193,TRUE,2/28/2022 13:20,R_2c6NLzE2zePidfA,anonymous,EN,1,I am over 18 years old and I consent to participating in this research project,About 10 times or more a day,Moderately unattractive,Moderately distressing,Never avoid,Slightly preoccupied,Slightly,Not at all,Not at all,Not at all,"Instagram,Snapchat",3 - 10 hrs/day,Instagram,"Sports news and competition,Technology and smartphones,Travel and tourism",No,No,NA,21-24,Junior,Male,Mr,50
2/28/2022 13:47,2/28/2022 13:50,IP Address,100,202,TRUE,2/28/2022 13:50,R_3g1IbrObqNKXzlg,anonymous,EN,1,I am over 18 years old and I consent to participating in this research project,About 5 times or more a day,Markedly unattractive,Moderately distressing,Avoid about ¼ of the time,Moderately preoccupied,Extremely,Not at all,Moderately,Not at all,"Instagram,Snapchat,YouTube,TikTok",3 - 10 hrs/day,"Instagram,YouTube","Music, songs, movies,Video games ,Sports news and competition,Politics",No,No,NA,21-24,Senior,Male,He/him,16
2/28/2022 13:48,2/28/2022 13:53,IP Address,100,281,TRUE,2/28/2022 13:53,R_2Tw0D59DKMEKTZh,anonymous,EN,1,I am over 18 years old and I consent to participating in this research project,About 20 times or more a day,Markedly unattractive,Slightly distressing,Avoid about ¼ of the time,Slightly preoccupied,Markedly,Not at all,Moderately,Slightly,"Instagram,Snapchat,YouTube",3 - 10 hrs/day,Snapchat,"Body health/Fitness, Beauty,Music, songs, movies,Video games ,Sports news and competition,Technology and smartphones,Business and economy ,Art",Yes,No,NA,21-24,Senior,Male,He/Him/His,30
2/28/2022 14:06,2/28/2022 14:10,IP Address,100,222,TRUE,2/28/2022 14:10,R_rl3ZoUjIrSdpHEd,anonymous,EN,1,I am over 18 years old and I consent to participating in this research project,About 10 times or more a day,Slightly unattractive,Slightly distressing,Never avoid,Slightly preoccupied,Not at all,Not at all,Slightly,Not at all,"Facebook,Pinterest",<3 hrs/day,"Facebook,Pinterest","Nutrition, food, cooking,Politics,Sex and sex education",No,No,NA,25+,Junior,Female,she/her/hers,30
2/28/2022 15:55,2/28/2022 15:59,IP Address,100,207,TRUE,2/28/2022 15:59,R_vJmYdZ7nEOQPVM5,anonymous,EN,1,I am over 18 years old and I consent to participating in this research project,About 10 times or more a day,Moderately unattractive,Slightly distressing,Never avoid,Slightly preoccupied,Moderately,Not at all,Slightly,Slightly,"Instagram,Facebook,Snapchat,Pinterest,YouTube,TikTok",3 - 10 hrs/day,TikTok,"Body health/Fitness, Beauty,Music, songs, movies,Nutrition, food, cooking,Shopping,Travel and tourism ,Business and economy ,Politics",Yes,No,NA,21-24,Senior,Female,She/her,12
2/28/2022 20:09,2/28/2022 20:13,IP Address,100,236,TRUE,2/28/2022 20:13,R_1EZ0Moke1Z4KfS3,anonymous,EN,1,I am over 18 years old and I consent to participating in this research project,About 5 times or more a day,Moderately unattractive,Moderately distressing,Avoid about ¼ of the time,Slightly preoccupied,Moderately,Not at all,Markedly,Slightly,"Instagram,Facebook,Snapchat,TikTok",<3 hrs/day,TikTok,"Body health/Fitness, Beauty,Music, songs, movies,Nutrition, food, cooking,Medical related topics",Yes,No,NA,18-20,Freshman,Female,She/Her,20
2/28/2022 22:33,2/28/2022 22:38,IP Address,100,292,TRUE,2/28/2022 22:38,R_1kUirrSxgQDDOGj,anonymous,EN,0.899999976,I am over 18 years old and I consent to participating in this research project,About 5 times or more a day,Not at all unattractive,Not at all distressing,Never avoid,Not at all preoccupied,Slightly,Not at all,Not at all,Slightly,"Instagram,Facebook,Pinterest,YouTube",3 - 10 hrs/day,YouTube,"Music, songs, movies,Video games ,Technology and smartphones",No,No,NA,21-24,Junior,Female,she/her/hers,26
3/1/2022 15:11,3/1/2022 15:14,IP Address,100,163,TRUE,3/1/2022 15:14,R_2q8DxUcW0hIs2cI,anonymous,EN,0.899999976,I am over 18 years old and I consent to participating in this research project,About 20 times or more a day,Moderately unattractive,Moderately distressing,Avoid about ¼ of the time,Moderately preoccupied,Markedly,Slightly,Markedly,Mostly,"Instagram,Facebook,Snapchat,TikTok",3 - 10 hrs/day,TikTok,"Fashion related,Body health/Fitness, Beauty,Nutrition, food, cooking,Shopping,Travel and tourism ,Business and economy ,Sex and sex education",Yes,Yes,"Mockery,Insult or abuse,Bullying,Threats or defamation,Incitement to do immoral acts",18-20,Junior,Female,she/her,6
3/1/2022 15:56,3/1/2022 16:01,IP Address,100,315,TRUE,3/1/2022 16:01,R_3L0zqDZDi2vwujX,anonymous,EN,1,I am over 18 years old and I consent to participating in this research project,About 10 times or more a day,Markedly unattractive,Moderately distressing,Avoid about ¼ of the time,Moderately preoccupied,Extremely,Moderately,Slightly,Moderately,"Instagram,Facebook,Snapchat,TikTok",<3 hrs/day,Snapchat,"Celebrities,Fashion related,Body health/Fitness, Beauty,Music, songs, movies,Shopping,Medical related topics ,Sex and sex education",Yes,Yes,"Insult or abuse,Bullying",18-20,Junior,Male,He/Him,40
3/1/2022 15:56,3/1/2022 16:01,IP Address,100,310,TRUE,3/1/2022 16:01,R_OC0dUebr1VlKq2d,anonymous,EN,1,I am over 18 years old and I consent to participating in this research project,About 5 times or more a day,Markedly unattractive,Moderately distressing,Never avoid,Moderately preoccupied,Markedly,Slightly,Moderately,Slightly,"Facebook,Pinterest,YouTube",<3 hrs/day,YouTube,"Fashion related,Body health/Fitness, Beauty,Music, songs, movies,Nutrition, food, cooking,Travel and tourism ,Business and economy ,Politics",Yes,No,NA,25+,Senior,Female,She/her,38
3/2/2022 8:45,3/2/2022 8:48,IP Address,100,173,TRUE,3/2/2022 8:48,R_OD3Byo1vBQNKW2J,anonymous,EN,0.899999976,I am over 18 years old and I consent to participating in this research project,About 10 times or more a day,Moderately unattractive,Markedly distressing,Avoid about ¼ of the time,Moderately preoccupied,Markedly,Slightly,Moderately,Moderately,"Snapchat,TikTok",3 - 10 hrs/day,TikTok,"Music, songs, movies,Politics,Art,Sex and sex education",Yes,No,NA,18-20,Sophomore,Female,she/her,30
3/2/2022 9:05,3/2/2022 9:08,IP Address,100,162,TRUE,3/2/2022 9:08,R_1DBAyiHuO5KlY3P,anonymous,EN,1,I am over 18 years old and I consent to participating in this research project,About 40 times or more a day,Slightly unattractive,Moderately distressing,Avoid about ¼ of the time,Moderately preoccupied,Slightly,Slightly,Moderately,Slightly,"Instagram,Facebook,Snapchat,Pinterest,YouTube,TikTok",3 - 10 hrs/day,"Snapchat,TikTok","Celebrities,Fashion related,Body health/Fitness, Beauty,Music, songs, movies,Nutrition, food, cooking,Shopping,Travel and tourism ,Business and economy ,Sex and sex education",Yes,Yes,"Insult or abuse,Incitement to do immoral acts",18-20,Junior,Female,She/Her,36
3/3/2022 11:03,3/3/2022 11:06,IP Address,100,195,TRUE,3/3/2022 11:06,R_3EzCWFkSjuXJuY8,anonymous,EN,1,I am over 18 years old and I consent to participating in this research project,About 5 times or more a day,Slightly unattractive,Slightly distressing,Never avoid,Slightly preoccupied,Not at all,Not at all,Slightly,Slightly,"Instagram,Snapchat,Pinterest,YouTube,TikTok",10 - 20 hrs/day,Instagram,"Fashion related,Body health/Fitness, Beauty,Music, songs, movies,Nutrition, food, cooking,Travel and tourism ,Art",No,No,NA,21-24,Senior,Female,She/her,30
3/3/2022 11:04,3/3/2022 11:07,IP Address,100,145,TRUE,3/3/2022 11:07,R_1RAH7t7LpNaA7Sx,anonymous,EN,1,I am over 18 years old and I consent to participating in this research project,About 10 times or more a day,Slightly unattractive,Slightly distressing,Avoid about ¼ of the time,Slightly preoccupied,Moderately,Slightly,Slightly,Slightly,"Instagram,Snapchat,Pinterest,YouTube,TikTok",3 - 10 hrs/day,"Instagram,TikTok","Celebrities,Fashion related,Body health/Fitness, Beauty,Music, songs, movies,Nutrition, food, cooking,Shopping,Travel and tourism ,Art,Sex and sex education",Yes,No,NA,21-24,Senior,Female,she/her,12
3/3/2022 11:04,3/3/2022 11:07,IP Address,100,181,TRUE,3/3/2022 11:07,R_1d3S3xxA9DtRqL6,anonymous,EN,1,I am over 18 years old and I consent to participating in this research project,About 5 times or more a day,Slightly unattractive,Slightly distressing,Never avoid,Slightly preoccupied,Not at all,Not at all,Slightly,Moderately,"Instagram,Snapchat",3 - 10 hrs/day,Instagram,"Fashion related,Body health/Fitness, Beauty,Nutrition, food, cooking,Sports news and competition,Shopping",Yes,No,NA,21-24,Senior,Female,she/her/hers,22
3/3/2022 11:35,3/3/2022 11:38,IP Address,100,165,TRUE,3/3/2022 11:38,R_3g1PSDC2rKZJRfD,anonymous,EN,0.800000012,I am over 18 years old and I consent to participating in this research project,About 40 times or more a day,Slightly unattractive,Slightly distressing,Avoid about ¼ of the time,Slightly preoccupied,Moderately,Not at all,Moderately,Moderately,"Snapchat,Pinterest",<3 hrs/day,Snapchat,"Body health/Fitness, Beauty,Music, songs, movies,Nutrition, food, cooking,Religion related,Travel and tourism ,Art",No,No,NA,18-20,Junior,Female,she/her,14
3/3/2022 11:36,3/3/2022 11:39,IP Address,100,167,TRUE,3/3/2022 11:39,R_TtIqwWB4135a22d,anonymous,EN,0.899999976,I am over 18 years old and I consent to participating in this research project,About 20 times or more a day,Moderately unattractive,Markedly distressing,Avoid about ¼ of the time,Very preoccupied,Not at all,Moderately,Moderately,Moderately,"Instagram,Facebook,Snapchat,Pinterest,YouTube,TikTok",3 - 10 hrs/day,"Instagram,Snapchat,TikTok","Fashion related,Body health/Fitness, Beauty,Music, songs, movies,Nutrition, food, cooking,Travel and tourism ,Art",Yes,No,NA,21-24,Junior,Female,She/her,32
3/3/2022 11:40,3/3/2022 11:45,IP Address,100,270,TRUE,3/3/2022 11:45,R_1nVkfkl8NDCFsxv,anonymous,EN,0.899999976,I am over 18 years old and I consent to participating in this research project,About 10 times or more a day,Moderately unattractive,Slightly distressing,Never avoid,Moderately preoccupied,Moderately,Not at all,Moderately,Not at all,"Instagram,Snapchat,TikTok",<3 hrs/day,"Instagram,Snapchat,TikTok","Music, songs, movies,Sex and sex education",Yes,No,NA,21-24,Senior,Female,She/her,36
3/3/2022 11:45,3/3/2022 11:53,IP Address,100,532,TRUE,3/3/2022 11:54,R_12EfGPSMM5AeIUX,anonymous,EN,0.899999976,I am over 18 years old and I consent to participating in this research project,About 20 times or more a day,Moderately unattractive,Moderately distressing,Avoid about ¼ of the time,Very preoccupied,Slightly,Moderately,Slightly,Moderately,"Instagram,Snapchat,TikTok",3 - 10 hrs/day,"Instagram,TikTok","Fashion related,Body health/Fitness, Beauty,Music, songs, movies,Medical related topics ,Politics,Art,Sex and sex education",Yes,Yes,"Mockery,Incitement to do immoral acts",21-24,Senior,Non-binary / third gender,they/them,22
3/3/2022 11:55,3/3/2022 11:59,IP Address,100,217,TRUE,3/3/2022 11:59,R_daPNuKonspldRKN,anonymous,EN,1,I am over 18 years old and I consent to participating in this research project,About 5 times or more a day,Moderately unattractive,Slightly distressing,Avoid about ¼ of the time,Slightly preoccupied,Slightly,Not at all,Slightly,Moderately,"Instagram,Facebook",<3 hrs/day,Instagram,"Music, songs, movies,Nutrition, food, cooking,Medical related topics ,Politics,Art",No,No,NA,18-20,Freshman,Non-binary / third gender,They/them,34
3/3/2022 12:25,3/3/2022 12:29,IP Address,100,218,TRUE,3/3/2022 12:29,R_1r7kCN1CkdgRAGd,anonymous,EN,1,I am over 18 years old and I consent to participating in this research project,About 20 times or more a day,Not at all unattractive,Slightly distressing,Never avoid,Not at all preoccupied,Not at all,Not at all,Not at all,Not at all,"Snapchat,YouTube",<3 hrs/day,Snapchat,"Music, songs, movies,Nutrition, food, cooking,Travel and tourism ,Politics,Art,Sex and sex education",No,No,NA,21-24,Senior,Female,she/her/hers,20
3/3/2022 12:27,3/3/2022 12:30,IP Address,100,196,TRUE,3/3/2022 12:30,R_3nr4YmH3iG3LoLC,anonymous,EN,1,I am over 18 years old and I consent to participating in this research project,About 5 times or more a day,Slightly unattractive,Not at all distressing,Never avoid,Not at all preoccupied,Not at all,Not at all,Not at all,Not at all,"Instagram,Snapchat,Pinterest,YouTube,TikTok",3 - 10 hrs/day,"Instagram,YouTube","Music, songs, movies,Video games ,Technology and smartphones,Art",No,Yes,Insult or abuse,18-20,Sophomore,"Male,Non-binary / third gender","he/him, they/them",8
3/3/2022 12:24,3/3/2022 12:31,IP Address,100,406,TRUE,3/3/2022 12:31,R_2eRULACPzP48lDS,anonymous,EN,1,I am over 18 years old and I consent to participating in this research project,About 5 times or more a day,Slightly unattractive,Slightly distressing,Never avoid,Slightly preoccupied,Slightly,Not at all,Slightly,Moderately,"Instagram,Facebook,Snapchat,Pinterest,YouTube,TikTok",3 - 10 hrs/day,"Snapchat,YouTube","Celebrities,Fashion related,Body health/Fitness, Beauty,Music, songs, movies,Shopping",Yes,Yes,Mockery,21-24,Senior,Female,she/her/hers,4
3/3/2022 12:29,3/3/2022 12:34,IP Address,100,304,TRUE,3/3/2022 12:34,R_2diEG61bk8wvTqs,anonymous,EN,1,I am over 18 years old and I consent to participating in this research project,About 5 times or more a day,Slightly unattractive,Slightly distressing,Never avoid,Not at all preoccupied,Slightly,Not at all,Not at all,Not at all,"Instagram,Facebook,Snapchat,YouTube,TikTok",3 - 10 hrs/day,"Snapchat,YouTube,TikTok","Video games ,Politics,Sex and sex education",No,No,NA,25+,Senior,Non-binary / third gender,they/them & she/her,16
3/3/2022 13:17,3/3/2022 13:23,IP Address,100,382,TRUE,3/3/2022 13:23,R_3CI5OE2n9IdNyHV,anonymous,EN,1,I am over 18 years old and I consent to participating in this research project,About 5 times or more a day,Slightly unattractive,Slightly distressing,Avoid about ¼ of the time,Not at all preoccupied,Moderately,Not at all,Not at all,Slightly,"Instagram,Facebook,Snapchat,Pinterest,YouTube",<3 hrs/day,"Instagram,Facebook,YouTube","Music, songs, movies,Nutrition, food, cooking,Video games ,Technology and smartphones,Travel and tourism ,Politics,Art",No,No,NA,25+,Junior,Male,He/Him,8
3/3/2022 13:18,3/3/2022 13:26,IP Address,100,471,TRUE,3/3/2022 13:26,R_3RjYF5ckpkRtXPI,anonymous,EN,1,I am over 18 years old and I consent to participating in this research project,About 20 times or more a day,Markedly unattractive,Extremely distressing,Avoid about half of the time,Very preoccupied,Moderately,Slightly,Markedly,Slightly,"Instagram,Snapchat,Pinterest,YouTube,TikTok",3 - 10 hrs/day,"Instagram,TikTok","Celebrities,Fashion related,Body health/Fitness, Beauty,Nutrition, food, cooking,Sports news and competition,Art",Yes,No,NA,21-24,Senior,Non-binary / third gender,they/he,14
3/3/2022 13:21,3/3/2022 13:27,IP Address,100,320,TRUE,3/3/2022 13:27,R_1GwwWXarAvEt49Z,anonymous,EN,1,I am over 18 years old and I consent to participating in this research project,About 10 times or more a day,Moderately unattractive,Slightly distressing,Never avoid,Slightly preoccupied,Moderately,Slightly,Moderately,Not at all,"Snapchat,YouTube",3 - 10 hrs/day,YouTube,Video games,Yes,No,NA,21-24,Senior,Male,He/him,44
3/3/2022 13:27,3/3/2022 13:31,IP Address,100,236,TRUE,3/3/2022 13:31,R_2wLzpWQjWPMewvC,anonymous,EN,1,I am over 18 years old and I consent to participating in this research project,About 5 times or more a day,Not at all unattractive,Not at all distressing,Never avoid,Slightly preoccupied,Not at all,Not at all,Not at all,Moderately,"Instagram,Snapchat,YouTube,TikTok",3 - 10 hrs/day,"Instagram,Snapchat,TikTok","Celebrities,Body health/Fitness, Beauty,Music, songs, movies,Video games ,Sports news and competition",No,No,NA,18-20,Sophomore,Male,He/him,22
3/3/2022 13:44,3/3/2022 13:47,IP Address,100,197,TRUE,3/3/2022 13:47,R_1CsGWw6hSqgB7Dy,anonymous,EN,0.899999976,I am over 18 years old and I consent to participating in this research project,About 20 times or more a day,Markedly unattractive,Moderately distressing,Avoid about ¼ of the time,Very preoccupied,Slightly,Slightly,Markedly,Moderately,"Instagram,Snapchat,TikTok",3 - 10 hrs/day,TikTok,"Body health/Fitness, Beauty,Video games ,Shopping,Technology and smartphones,Travel and tourism ,Politics,Art",Yes,No,NA,21-24,Senior,Female,She/her,8
3/3/2022 13:46,3/3/2022 13:50,IP Address,100,222,TRUE,3/3/2022 13:50,R_2YsreT7PzbR1fqj,anonymous,EN,1,I am over 18 years old and I consent to participating in this research project,Never check,Slightly unattractive,Not at all distressing,Never avoid,Not at all preoccupied,Not at all,Not at all,Not at all,Not at all,"Instagram,YouTube",<3 hrs/day,YouTube,"Music, songs, movies,Video games",No,No,NA,25+,Senior,Male,.,38
3/3/2022 13:53,3/3/2022 13:58,IP Address,100,243,TRUE,3/3/2022 13:58,R_3PnvdPP01MHEpe1,anonymous,EN,0.899999976,I am over 18 years old and I consent to participating in this research project,About 10 times or more a day,Moderately unattractive,Markedly distressing,Avoid about ¼ of the time,Slightly preoccupied,Slightly,Slightly,Moderately,Moderately,"Instagram,Facebook,Snapchat,Pinterest",3 - 10 hrs/day,Instagram,"Fashion related,Body health/Fitness, Beauty,Music, songs, movies,Nutrition, food, cooking,Shopping,Travel and tourism ,Politics,Art,Sex and sex education",Yes,No,NA,18-20,Freshman,Female,she/her/hers,2
3/3/2022 14:00,3/3/2022 14:03,IP Address,100,217,TRUE,3/3/2022 14:03,R_1CD9GUKjNAnzLjM,anonymous,EN,0.899999976,I am over 18 years old and I consent to participating in this research project,About 20 times or more a day,Slightly unattractive,Markedly distressing,Avoid about ¼ of the time,Very preoccupied,Moderately,Slightly,Moderately,Moderately,"Instagram,Facebook,YouTube",<3 hrs/day,"Instagram,Facebook","Celebrities,Fashion related,Body health/Fitness, Beauty,Music, songs, movies,Medical related topics ,Travel and tourism ,Art",Yes,No,NA,18-20,Junior,Female,She her hers,30
3/3/2022 14:01,3/3/2022 14:04,IP Address,100,204,TRUE,3/3/2022 14:04,R_1q9CRkhbHtwxiHL,anonymous,EN,0.899999976,I am over 18 years old and I consent to participating in this research project,About 20 times or more a day,Moderately unattractive,Moderately distressing,Avoid about ¼ of the time,Moderately preoccupied,Slightly,Not at all,Slightly,Slightly,"Instagram,Facebook,Snapchat,YouTube,TikTok",<3 hrs/day,"Instagram,Snapchat,TikTok","Body health/Fitness, Beauty,Music, songs, movies,Nutrition, food, cooking,Technology and smartphones",Yes,No,NA,21-24,Senior,Female,She/Her,36
3/3/2022 14:11,3/3/2022 14:13,IP Address,100,134,TRUE,3/3/2022 14:13,R_08sd1MhFXAP4BFv,anonymous,EN,1,I am over 18 years old and I consent to participating in this research project,About 10 times or more a day,Slightly unattractive,Extremely distressing,Avoid about half of the time,Very preoccupied,Extremely,Moderately,Moderately,Moderately,"Instagram,Facebook,Snapchat,Pinterest,YouTube,TikTok",3 - 10 hrs/day,Instagram,"Body health/Fitness, Beauty,Shopping,Travel and tourism ,Art",Yes,No,NA,21-24,Graduate program,Female,she/her,26
3/3/2022 14:31,3/3/2022 14:35,IP Address,100,220,TRUE,3/3/2022 14:35,R_YRG5dpcoYJr0LQd,anonymous,EN,0.899999976,I am over 18 years old and I consent to participating in this research project,About 10 times or more a day,Slightly unattractive,Slightly distressing,Avoid about ¼ of the time,Moderately preoccupied,Not at all,Not at all,Slightly,Slightly,"Instagram,Snapchat,TikTok",3 - 10 hrs/day,"Instagram,TikTok","Fashion related,Body health/Fitness, Beauty,Music, songs, movies,Nutrition, food, cooking,Medical related topics ,Art",Yes,No,NA,21-24,Senior,Female,She/her/hers,44
3/3/2022 14:59,3/3/2022 15:14,IP Address,100,914,TRUE,3/3/2022 15:14,R_oXmX9hyVhxyH4VH,anonymous,EN,1,I am over 18 years old and I consent to participating in this research project,About 10 times or more a day,Slightly unattractive,Slightly distressing,Avoid about ¼ of the time,Moderately preoccupied,Not at all,Not at all,Moderately,Not at all,YouTube,3 - 10 hrs/day,YouTube,"Music, songs, movies,Nutrition, food, cooking,Video games ,Sports news and competition,Art",Yes,Yes,Others,18-20,Junior,Male,he/him,18
3/3/2022 15:09,3/3/2022 15:15,IP Address,100,309,TRUE,3/3/2022 15:15,R_3kMTlpHgTqXLsJx,anonymous,EN,1,I am over 18 years old and I consent to participating in this research project,About 10 times or more a day,Moderately unattractive,Moderately distressing,Avoid about half of the time,Moderately preoccupied,Markedly,Slightly,Markedly,Moderately,"Instagram,Snapchat,Pinterest,YouTube,TikTok",3 - 10 hrs/day,Instagram,"Celebrities,Fashion related,Body health/Fitness, Beauty,Music, songs, movies,Shopping,Art,Sex and sex education",Yes,Yes,"Mockery,Insult or abuse,Bullying",18-20,Freshman,Female,she/her,18
3/3/2022 16:48,3/3/2022 16:51,IP Address,100,185,TRUE,3/3/2022 16:51,R_32PG8ZRTIIgQyRu,anonymous,EN,0.899999976,I am over 18 years old and I consent to participating in this research project,About 5 times or more a day,Moderately unattractive,Markedly distressing,Avoid about ¼ of the time,Slightly preoccupied,Slightly,Not at all,Slightly,Moderately,"Instagram,Facebook,YouTube,TikTok",3 - 10 hrs/day,"Facebook,YouTube","Music, songs, movies,Video games ,Art,Sex and sex education",Yes,No,NA,21-24,Senior,Non-binary / third gender,She/They/It,38
3/4/2022 18:24,3/4/2022 18:26,IP Address,100,160,TRUE,3/4/2022 18:26,R_3QY85ifF1bURKzw,anonymous,EN,1,I am over 18 years old and I consent to participating in this research project,About 5 times or more a day,Slightly unattractive,Not at all distressing,Never avoid,Not at all preoccupied,Not at all,Not at all,Slightly,Slightly,"Instagram,Snapchat,YouTube",<3 hrs/day,YouTube,"Video games ,Technology and smartphones,Politics",No,No,NA,21-24,Senior,Male,He/him,24
3/4/2022 18:26,3/4/2022 18:30,IP Address,100,221,TRUE,3/4/2022 18:30,R_rcFhBtwgcczvHxf,anonymous,EN,1,I am over 18 years old and I consent to participating in this research project,About 20 times or more a day,Moderately unattractive,Markedly distressing,Avoid about ¾ of the time,Very preoccupied,Slightly,Slightly,Moderately,Slightly,"Instagram,Facebook,Snapchat,Pinterest,YouTube",3 - 10 hrs/day,YouTube,"Music, songs, movies,Nutrition, food, cooking,Video games ,Art",No,Yes,"Mockery,Insult or abuse,Bullying,Threats or defamation,Incitement to do immoral acts ,Others",21-24,Junior,"Female,Non-binary / third gender",She/They,8
3/4/2022 18:30,3/4/2022 18:34,IP Address,100,232,TRUE,3/4/2022 18:34,R_bEDJRjur1PY0VuF,anonymous,EN,1,I am over 18 years old and I consent to participating in this research project,About 10 times or more a day,Moderately unattractive,Slightly distressing,Avoid about ¼ of the time,Very preoccupied,Markedly,Not at all,Slightly,Slightly,"Facebook,YouTube,TikTok",10 - 20 hrs/day,Facebook,"Video games ,Technology and smartphones,Travel and tourism",No,No,NA,21-24,Other,Male,He/Him,34
3/5/2022 21:12,3/5/2022 21:17,IP Address,100,320,TRUE,3/5/2022 21:17,R_BLD8PAFCXML7neV,anonymous,EN,1,I am over 18 years old and I consent to participating in this research project,About 10 times or more a day,Markedly unattractive,Slightly distressing,Avoid about ¾ of the time,Very preoccupied,Slightly,Not at all,Moderately,Slightly,"Instagram,Snapchat,Pinterest,YouTube",3 - 10 hrs/day,"Instagram,YouTube","Fashion related,Body health/Fitness, Beauty,Music, songs, movies,Video games",Yes,No,NA,21-24,Senior,Female,she/her,28
3/7/2022 7:23,3/7/2022 7:25,IP Address,100,142,TRUE,3/7/2022 7:25,R_2w7FvS573LLeAgp,anonymous,EN,1,I am over 18 years old and I consent to participating in this research project,About 5 times or more a day,Not at all unattractive,Slightly distressing,Avoid about ¼ of the time,Slightly preoccupied,Slightly,Not at all,Not at all,Not at all,"Instagram,Facebook,Snapchat,YouTube",<3 hrs/day,Facebook,"Body health/Fitness, Beauty,Nutrition, food, cooking,Religion related,Travel and tourism ,Politics,Art,Sex and sex education",No,No,NA,18-20,Junior,Female,she/her,32
3/7/2022 21:50,3/7/2022 21:54,IP Address,100,230,TRUE,3/7/2022 21:54,R_295phqNDia5MEyl,anonymous,EN,0.899999976,I am over 18 years old and I consent to participating in this research project,About 40 times or more a day,Slightly unattractive,Moderately distressing,Never avoid,Very preoccupied,Markedly,Not at all,Slightly,Mostly,"Instagram,Snapchat,TikTok",3 - 10 hrs/day,TikTok,"Fashion related,Body health/Fitness, Beauty,Music, songs, movies,Video games ,Shopping,Technology and smartphones,Travel and tourism ,Business and economy",Yes,Yes,Incitement to do immoral acts,18-20,Sophomore,Female,She/her,10
3/7/2022 23:30,3/7/2022 23:34,IP Address,100,273,TRUE,3/7/2022 23:34,R_RfXfx5csNYi2rWF,anonymous,EN,0.899999976,I am over 18 years old and I consent to participating in this research project,About 5 times or more a day,Moderately unattractive,Slightly distressing,Never avoid,Slightly preoccupied,Moderately,Not at all,Slightly,Slightly,"Instagram,Snapchat,YouTube,TikTok",<3 hrs/day,"Instagram,Snapchat","Body health/Fitness, Beauty,Music, songs, movies,Video games ,Sports news and competition,Technology and smartphones,Travel and tourism",No,No,NA,18-20,Sophomore,Male,He,34
3/14/2022 11:11,3/14/2022 11:16,IP Address,100,261,TRUE,3/14/2022 11:16,R_1jd0SEkzWANk2yk,anonymous,EN,0.899999976,I am over 18 years old and I consent to participating in this research project,About 20 times or more a day,Markedly unattractive,Slightly distressing,Avoid about half of the time,Slightly preoccupied,Moderately,Slightly,Slightly,Moderately,"Instagram,YouTube,TikTok",3 - 10 hrs/day,YouTube,"Music, songs, movies,Nutrition, food, cooking,Video games ,Technology and smartphones,Art",No,No,NA,21-24,Senior,Male,he/they,18
3/14/2022 15:42,3/14/2022 15:46,IP Address,100,212,TRUE,3/14/2022 15:46,R_2VmPYlUCVeqOvU6,anonymous,EN,0.899999976,I am over 18 years old and I consent to participating in this research project,About 20 times or more a day,Moderately unattractive,Moderately distressing,Never avoid,Moderately preoccupied,Moderately,Not at all,Not at all,Moderately,"Instagram,YouTube",3 - 10 hrs/day,YouTube,"Music, songs, movies,Video games ,Sports news and competition,Politics,Art",No,No,NA,18-20,Sophomore,Male,He/Him,None
3/14/2022 15:44,3/14/2022 15:47,IP Address,100,195,TRUE,3/14/2022 15:47,R_31pl9VNHtRmgR4N,anonymous,EN,0.899999976,I am over 18 years old and I consent to participating in this research project,About 5 times or more a day,Moderately unattractive,Moderately distressing,Avoid about half of the time,Moderately preoccupied,Not at all,Not at all,Moderately,Moderately,"Instagram,Facebook,Snapchat,YouTube",3 - 10 hrs/day,Instagram,"Celebrities,Fashion related,Body health/Fitness, Beauty,Nutrition, food, cooking,Shopping,Technology and smartphones,Travel and tourism ,Art",Yes,No,NA,18-20,Sophomore,Female,She/Her,26
3/14/2022 18:15,3/14/2022 18:17,IP Address,100,89,TRUE,3/14/2022 18:17,R_2YgJL4wy4pU67YW,anonymous,EN,0.899999976,I am over 18 years old and I consent to participating in this research project,About 20 times or more a day,Markedly unattractive,Moderately distressing,Avoid about half of the time,Moderately preoccupied,Slightly,Slightly,Markedly,Slightly,Snapchat,3 - 10 hrs/day,Instagram,"Fashion related,Video games ,Sports news and competition,Travel and tourism ,Business and economy ,Politics",No,No,NA,21-24,Junior,Male,He/him,26
3/14/2022 21:05,3/14/2022 21:07,IP Address,100,134,TRUE,3/14/2022 21:07,R_25vl63wcH9eOptf,anonymous,EN,1,I do not accept to participate in this research project,NA,NA,NA,NA,NA,NA,NA,NA,NA,NA,NA,NA,NA,NA,NA,NA,NA,NA,NA,NA,36
3/14/2022 22:15,3/14/2022 22:17,IP Address,100,130,TRUE,3/14/2022 22:17,R_u235TvLJDpzYMCd,anonymous,EN,0.899999976,I am over 18 years old and I consent to participating in this research project,About 20 times or more a day,Slightly unattractive,Moderately distressing,Always avoid,Slightly preoccupied,Not at all,Markedly,Not at all,Moderately,"Instagram,Snapchat,TikTok",10 - 20 hrs/day,TikTok,"Celebrities,Fashion related,Shopping,Technology and smartphones,Travel and tourism ,Art",Yes,No,NA,21-24,Sophomore,Female,she/her,None
3/15/2022 10:52,3/15/2022 10:56,IP Address,100,228,TRUE,3/15/2022 10:56,R_23deAyR5HCbyAx5,anonymous,EN,0.899999976,I am over 18 years old and I consent to participating in this research project,About 5 times or more a day,Moderately unattractive,Moderately distressing,Avoid about ¼ of the time,Moderately preoccupied,Markedly,Not at all,Slightly,Slightly,"Instagram,YouTube",<3 hrs/day,Instagram,"Body health/Fitness, Beauty,Nutrition, food, cooking,Video games ,Business and economy ,Politics,Sex and sex education",Yes,No,NA,25+,Other,Male,He/Him,32
3/15/2022 11:34,3/15/2022 11:39,IP Address,100,301,TRUE,3/15/2022 11:39,R_1guzUWOZVqSMsrv,anonymous,EN,0.899999976,I am over 18 years old and I consent to participating in this research project,Never check,Not at all unattractive,Not at all distressing,Never avoid,Not at all preoccupied,Not at all,Not at all,Not at all,Not at all,"YouTube,TikTok",<3 hrs/day,YouTube,Sports news and competition,Yes,No,NA,25+,Senior,Male,He/him,26
3/15/2022 12:10,3/15/2022 12:12,IP Address,100,139,TRUE,3/15/2022 12:12,R_1PcPl8zgQAqhZeC,anonymous,EN,1,I am over 18 years old and I consent to participating in this research project,About 5 times or more a day,Slightly unattractive,Moderately distressing,Avoid about ¼ of the time,Slightly preoccupied,Not at all,Not at all,Moderately,Not at all,"Instagram,Facebook,Snapchat",<3 hrs/day,"Instagram,Snapchat",Art,No,No,NA,21-24,Senior,Female,she/her,0
3/15/2022 14:26,3/15/2022 14:30,IP Address,100,234,TRUE,3/15/2022 14:30,R_2thWRhNGtiWCz4X,anonymous,EN,1,I am over 18 years old and I consent to participating in this research project,About 10 times or more a day,Slightly unattractive,Slightly distressing,Never avoid,Very preoccupied,Not at all,Moderately,Not at all,Moderately,"Instagram,Facebook,Snapchat,Pinterest,YouTube,TikTok",3 - 10 hrs/day,YouTube,"Celebrities,Fashion related,Body health/Fitness, Beauty,Music, songs, movies,Nutrition, food, cooking,Travel and tourism ,Art",Yes,No,NA,18-20,Freshman,Female,she/her,16
3/15/2022 15:34,3/15/2022 15:38,IP Address,100,248,TRUE,3/15/2022 15:38,R_1oiNBdAjsJRICso,anonymous,EN,0.899999976,I am over 18 years old and I consent to participating in this research project,About 10 times or more a day,Slightly unattractive,Slightly distressing,Avoid about ¼ of the time,Slightly preoccupied,Not at all,Not at all,Slightly,Slightly,"Instagram,Snapchat,TikTok",3 - 10 hrs/day,Snapchat,"Music, songs, movies,Video games ,Sports news and competition,Religion related,Technology and smartphones,Politics",No,No,NA,21-24,Junior,Male,He/Him,22
3/15/2022 16:15,3/15/2022 16:19,IP Address,100,216,TRUE,3/15/2022 16:19,R_3DijcynIEWsWhbt,anonymous,EN,1,I am over 18 years old and I consent to participating in this research project,About 10 times or more a day,Not at all unattractive,Not at all distressing,Avoid about ¼ of the time,Moderately preoccupied,Moderately,Moderately,Slightly,Moderately,"Facebook,Snapchat",<3 hrs/day,Facebook,Technology and smartphones,No,No,NA,21-24,Senior,Female,she,16
3/15/2022 16:16,3/15/2022 16:19,IP Address,100,206,TRUE,3/15/2022 16:19,R_3pfBzOJOoKppUW1,anonymous,EN,0.899999976,I am over 18 years old and I consent to participating in this research project,About 5 times or more a day,Slightly unattractive,Not at all distressing,Never avoid,Not at all preoccupied,Not at all,Not at all,Not at all,Not at all,"Instagram,Snapchat,YouTube",<3 hrs/day,YouTube,"Body health/Fitness, Beauty,Music, songs, movies,Technology and smartphones,Business and economy ,Art",No,No,NA,21-24,Senior,Male,He/him,24
3/15/2022 16:18,3/15/2022 16:22,IP Address,100,209,TRUE,3/15/2022 16:22,R_OP8HLTeJPNYnGzD,anonymous,EN,0.899999976,I am over 18 years old and I consent to participating in this research project,About 20 times or more a day,Very ugly or ‘not right’,Markedly distressing,Avoid about ¼ of the time,Very preoccupied,Not at all,Not at all,Moderately,Moderately,Instagram,3 - 10 hrs/day,TikTok,"Celebrities,Fashion related,Body health/Fitness, Beauty,Music, songs, movies,Nutrition, food, cooking,Shopping,Technology and smartphones,Travel and tourism ,Art,Sex and sex education",Yes,No,NA,25+,Senior,Male,He/Him,4
3/15/2022 16:18,3/15/2022 16:24,IP Address,100,395,TRUE,3/15/2022 16:24,R_12MG9en0AkQRrER,anonymous,EN,0.899999976,I am over 18 years old and I consent to participating in this research project,About 10 times or more a day,Moderately unattractive,Markedly distressing,Always avoid,Very preoccupied,Extremely,Markedly,Very severely,Mostly,"Instagram,Facebook,YouTube",3 - 10 hrs/day,Facebook,"Celebrities,Fashion related,Body health/Fitness, Beauty,Music, songs, movies,Nutrition, food, cooking,Shopping,Medical related topics ,Technology and smartphones,Travel and tourism ,Art,Sex and sex education",Yes,Yes,Mockery,21-24,Senior,Female,she/her/hers,36
3/15/2022 16:40,3/15/2022 16:43,IP Address,100,149,TRUE,3/15/2022 16:43,R_0Ol49YUO9JKTqtX,anonymous,EN,1,I am over 18 years old and I consent to participating in this research project,About 10 times or more a day,Slightly unattractive,Moderately distressing,Avoid about half of the time,Slightly preoccupied,Not at all,Not at all,Slightly,Moderately,"Instagram,YouTube",3 - 10 hrs/day,Instagram,"Celebrities,Fashion related,Body health/Fitness, Beauty,Video games ,Shopping,Technology and smartphones,Travel and tourism ,Art",No,No,NA,25+,Senior,Female,she/her,56
3/15/2022 16:40,3/15/2022 16:43,IP Address,100,215,TRUE,3/15/2022 16:43,R_1Le6j4WLiWHeQgj,anonymous,EN,1,I am over 18 years old and I consent to participating in this research project,Never check,Not at all unattractive,Not at all distressing,Never avoid,Not at all preoccupied,Moderately,Not at all,Not at all,Not at all,"Instagram,Facebook,Snapchat,Pinterest,YouTube",3 - 10 hrs/day,Facebook,"Music, songs, movies,Nutrition, food, cooking,Video games ,Technology and smartphones,Travel and tourism ,Art,Sex and sex education",No,No,NA,21-24,Senior,Female,She/her/her,22
3/15/2022 16:40,3/15/2022 16:44,IP Address,100,228,TRUE,3/15/2022 16:44,R_1JIOgQNB4wqnPM0,anonymous,EN,1,I am over 18 years old and I consent to participating in this research project,About 20 times or more a day,Slightly unattractive,Slightly distressing,Never avoid,Not at all preoccupied,Not at all,Not at all,Not at all,Not at all,"Instagram,Facebook,Snapchat,Pinterest,YouTube,TikTok",3 - 10 hrs/day,"Instagram,TikTok","Celebrities,Fashion related,Music, songs, movies,Shopping,Art",Yes,No,NA,18-20,Sophomore,Female,She/ her,4
3/15/2022 16:51,3/15/2022 16:53,IP Address,100,155,TRUE,3/15/2022 16:53,R_3jENunPaLk0o9wd,anonymous,EN,0.899999976,I am over 18 years old and I consent to participating in this research project,About 20 times or more a day,Moderately unattractive,Slightly distressing,Avoid about ¼ of the time,Slightly preoccupied,Slightly,Not at all,Slightly,Moderately,"Snapchat,Pinterest,TikTok",3 - 10 hrs/day,"Snapchat,TikTok","Fashion related,Body health/Fitness, Beauty,Music, songs, movies,Nutrition, food, cooking,Shopping,Travel and tourism ,Art",No,No,NA,18-20,Junior,Female,she/her,10
3/15/2022 16:51,3/15/2022 16:56,IP Address,100,273,TRUE,3/15/2022 16:56,R_3LhV4gyDbLNuUdR,anonymous,EN,0.899999976,I am over 18 years old and I consent to participating in this research project,About 5 times or more a day,Slightly unattractive,Slightly distressing,Avoid about ¼ of the time,Slightly preoccupied,Slightly,Not at all,Moderately,Slightly,"Instagram,Snapchat,Pinterest,YouTube,TikTok",3 - 10 hrs/day,"Instagram,Snapchat,YouTube,TikTok","Body health/Fitness, Beauty,Video games ,Technology and smartphones",Yes,Yes,Others,21-24,Senior,Female,She/her,24
3/15/2022 17:05,3/15/2022 17:07,IP Address,100,167,TRUE,3/15/2022 17:07,R_1rP4yVNReHOPalY,anonymous,EN,1,I am over 18 years old and I consent to participating in this research project,About 10 times or more a day,Moderately unattractive,Slightly distressing,Avoid about half of the time,Not at all preoccupied,Slightly,Not at all,Slightly,Not at all,"Instagram,YouTube",3 - 10 hrs/day,Instagram,"Nutrition, food, cooking,Art",Yes,No,NA,18-20,Senior,Female,she/her,18
3/15/2022 17:31,3/15/2022 17:37,IP Address,100,389,TRUE,3/15/2022 17:37,R_3CaDVlO8K2oSU6d,anonymous,EN,0.899999976,I am over 18 years old and I consent to participating in this research project,About 10 times or more a day,Moderately unattractive,Not at all distressing,Avoid about half of the time,Slightly preoccupied,Moderately,Not at all,Slightly,Mostly,"Instagram,Snapchat,Pinterest,TikTok",3 - 10 hrs/day,TikTok,"Body health/Fitness, Beauty,Music, songs, movies,Video games ,Art",No,No,NA,21-24,Other,Female,she/her,18
3/15/2022 18:02,3/15/2022 18:05,IP Address,100,182,TRUE,3/15/2022 18:05,R_REM5OhaEDoz34mR,anonymous,EN,0.899999976,I am over 18 years old and I consent to participating in this research project,Never check,Slightly unattractive,Slightly distressing,Avoid about ¼ of the time,Slightly preoccupied,Not at all,Not at all,Moderately,Moderately,"Instagram,Facebook,Snapchat",<3 hrs/day,"Instagram,Facebook","Celebrities,Fashion related,Music, songs, movies,Shopping",No,Yes,"Mockery,Insult or abuse,Bullying,Threats or defamation",25+,Junior,Female,She/her,26
3/15/2022 18:56,3/15/2022 18:59,IP Address,100,194,TRUE,3/15/2022 18:59,R_1FIH0mHS35HOi1D,anonymous,EN,0.899999976,I am over 18 years old and I consent to participating in this research project,About 20 times or more a day,Moderately unattractive,Slightly distressing,Avoid about ¼ of the time,Slightly preoccupied,Not at all,Not at all,Slightly,Moderately,"Instagram,Snapchat,Pinterest,YouTube,TikTok",<3 hrs/day,TikTok,"Fashion related,Body health/Fitness, Beauty,Music, songs, movies,Video games ,Technology and smartphones",No,No,NA,18-20,Sophomore,Female,she/they,16
3/15/2022 20:53,3/15/2022 20:56,IP Address,100,187,TRUE,3/15/2022 20:56,R_1gMxZXR7RjKCD7b,anonymous,EN,1,I am over 18 years old and I consent to participating in this research project,About 10 times or more a day,Markedly unattractive,Moderately distressing,Avoid about ¼ of the time,Moderately preoccupied,Moderately,Slightly,Moderately,Slightly,"Instagram,Facebook,YouTube",3 - 10 hrs/day,"Instagram,YouTube","Body health/Fitness, Beauty,Nutrition, food, cooking,Religion related,Art",Yes,No,NA,18-20,Junior,Female,She/her or they/them,22
3/15/2022 22:01,3/15/2022 22:05,IP Address,100,242,TRUE,3/15/2022 22:05,R_tSDldP71w5kOsTv,anonymous,EN,1,I am over 18 years old and I consent to participating in this research project,About 10 times or more a day,Slightly unattractive,Slightly distressing,Never avoid,Slightly preoccupied,Slightly,Not at all,Not at all,Not at all,"Instagram,Facebook,Snapchat,YouTube,TikTok",3 - 10 hrs/day,"Instagram,Snapchat,YouTube,TikTok","Body health/Fitness, Beauty,Music, songs, movies,Nutrition, food, cooking,Sports news and competition,Travel and tourism ,Sex and sex education",Yes,No,NA,21-24,Junior,Male,He/Him,32
3/16/2022 9:42,3/16/2022 9:47,IP Address,100,325,TRUE,3/16/2022 9:47,R_2uJ17aDY0U8Oqwe,anonymous,EN,1,I am over 18 years old and I consent to participating in this research project,About 40 times or more a day,Slightly unattractive,Moderately distressing,Avoid about ¼ of the time,Moderately preoccupied,Moderately,Slightly,Slightly,Not at all,"Instagram,Facebook,Snapchat,Pinterest,YouTube,TikTok",<3 hrs/day,TikTok,"Fashion related,Body health/Fitness, Beauty,Music, songs, movies,Shopping,Art",Yes,Yes,"Mockery,Insult or abuse,Bullying",18-20,Sophomore,Female,she/her,12
3/16/2022 13:31,3/16/2022 13:35,IP Address,100,200,TRUE,3/16/2022 13:35,R_3s5lInPVzRGEY59,anonymous,EN,0.800000012,I am over 18 years old and I consent to participating in this research project,About 5 times or more a day,Slightly unattractive,Not at all distressing,Never avoid,Slightly preoccupied,Not at all,Not at all,Slightly,Not at all,"Snapchat,YouTube",<3 hrs/day,Snapchat,"Video games ,Sports news and competition,Technology and smartphones,Business and economy ,Politics",No,No,NA,25+,Senior,Male,He/Him,None
3/16/2022 16:26,3/16/2022 16:28,IP Address,100,152,TRUE,3/16/2022 16:28,R_AmJNj5B18dQmiE9,anonymous,EN,1,I am over 18 years old and I consent to participating in this research project,About 10 times or more a day,Not at all unattractive,Slightly distressing,Never avoid,Slightly preoccupied,Not at all,Not at all,Not at all,Moderately,"Instagram,Snapchat,YouTube",<3 hrs/day,YouTube,"Body health/Fitness, Beauty,Music, songs, movies,Nutrition, food, cooking,Video games ,Sports news and competition",Yes,No,NA,21-24,Junior,Male,he/him,8
3/16/2022 17:33,3/16/2022 17:36,IP Address,100,183,TRUE,3/16/2022 17:36,R_22JNeSkpSPAkR76,anonymous,EN,0.899999976,I am over 18 years old and I consent to participating in this research project,About 20 times or more a day,Slightly unattractive,Markedly distressing,Avoid about ¾ of the time,Extremely preoccupied,Not at all,Moderately,Slightly,Mostly,"Instagram,Snapchat,YouTube,TikTok",3 - 10 hrs/day,YouTube,"Celebrities,Music, songs, movies,Nutrition, food, cooking,Video games ,Art,Sex and sex education",No,Yes,"Mockery,Insult or abuse,Bullying,Threats or defamation,Incitement to do immoral acts ,Others",18-20,Junior,Male,He/Him,12
3/16/2022 19:50,3/16/2022 19:54,IP Address,100,197,TRUE,3/16/2022 19:54,R_2pWd963rh6Jxl9e,anonymous,EN,0.899999976,I am over 18 years old and I consent to participating in this research project,About 5 times or more a day,Not at all unattractive,Not at all distressing,Never avoid,Slightly preoccupied,Not at all,Not at all,Not at all,Moderately,"Instagram,Pinterest,YouTube,TikTok",3 - 10 hrs/day,"YouTube,TikTok","Fashion related,Music, songs, movies,Politics,Art",No,No,NA,18-20,Senior,Female,she/her,40
3/16/2022 19:37,3/16/2022 19:54,IP Address,100,1024,TRUE,3/16/2022 19:54,R_3G0U1LmQ3XDK2Ke,anonymous,EN,1,I am over 18 years old and I consent to participating in this research project,About 20 times or more a day,Slightly unattractive,Moderately distressing,Never avoid,Moderately preoccupied,Markedly,Slightly,Slightly,Moderately,"Instagram,Facebook,Snapchat,Pinterest,YouTube,TikTok",3 - 10 hrs/day,TikTok,"Music, songs, movies,Nutrition, food, cooking,Travel and tourism ,Politics,Art",Yes,Yes,"Mockery,Insult or abuse,Bullying",18-20,Junior,Female,She/Her,8
3/16/2022 20:53,3/16/2022 20:57,IP Address,100,227,TRUE,3/16/2022 20:57,R_b3GNJw7Ti69QlVv,anonymous,EN,0.899999976,I am over 18 years old and I consent to participating in this research project,About 10 times or more a day,Markedly unattractive,Moderately distressing,Avoid about ¼ of the time,Very preoccupied,Extremely,Not at all,Slightly,Slightly,"Instagram,Snapchat,Pinterest,YouTube,TikTok",3 - 10 hrs/day,Snapchat,"Celebrities,Politics,Art",Yes,No,NA,18-20,Junior,Female,she/her,30
3/16/2022 21:22,3/16/2022 21:26,IP Address,100,254,TRUE,3/16/2022 21:26,R_byHZuVZtlv7SyWZ,anonymous,EN,0.899999976,I am over 18 years old and I consent to participating in this research project,About 10 times or more a day,Slightly unattractive,Slightly distressing,Never avoid,Not at all preoccupied,Not at all,Not at all,Not at all,Slightly,YouTube,3 - 10 hrs/day,TikTok,"Fashion related,Body health/Fitness, Beauty,Art,Sex and sex education",Yes,No,NA,21-24,Senior,Female,She/her,34
3/17/2022 10:28,3/17/2022 10:36,IP Address,100,501,TRUE,3/17/2022 10:36,R_DcJB98vpX8B8HLj,anonymous,EN,1,I am over 18 years old and I consent to participating in this research project,About 5 times or more a day,Slightly unattractive,Slightly distressing,Never avoid,Slightly preoccupied,Not at all,Not at all,Not at all,Moderately,"Instagram,Pinterest,YouTube,TikTok",3 - 10 hrs/day,"Instagram,TikTok","Celebrities,Fashion related,Body health/Fitness, Beauty,Music, songs, movies,Nutrition, food, cooking,Video games ,Shopping,Religion related,Technology and smartphones,Travel and tourism ,Art,Sex and sex education",Yes,No,NA,21-24,Senior,Female,she/her,10
3/17/2022 12:26,3/17/2022 12:32,IP Address,100,338,TRUE,3/17/2022 12:32,R_1PXaXqd1smPYDnH,anonymous,EN,0.899999976,I am over 18 years old and I consent to participating in this research project,About 20 times or more a day,Moderately unattractive,Slightly distressing,Avoid about ¼ of the time,Slightly preoccupied,Slightly,Not at all,Slightly,Slightly,"Instagram,Snapchat,YouTube",3 - 10 hrs/day,Snapchat,"Body health/Fitness, Beauty,Music, songs, movies,Sports news and competition,Technology and smartphones,Business and economy",Yes,No,NA,21-24,Senior,Male,He/Him/His,12
3/17/2022 13:57,3/17/2022 14:01,IP Address,100,196,TRUE,3/17/2022 14:01,R_AAM9SFJEWeTAyZj,anonymous,EN,0.899999976,I am over 18 years old and I consent to participating in this research project,About 10 times or more a day,Very ugly or ‘not right’,Extremely distressing,Avoid about ¾ of the time,Very preoccupied,Markedly,Moderately,Markedly,Totally,"Instagram,Facebook,Snapchat,YouTube,TikTok",3 - 10 hrs/day,Instagram,"Celebrities,Fashion related,Body health/Fitness, Beauty,Music, songs, movies,Nutrition, food, cooking,Video games ,Shopping,Medical related topics ,Technology and smartphones,Business and economy ,Politics,Art,Sex and sex education",Yes,Yes,Insult or abuse,25+,Junior,Female,she/her,22
3/17/2022 15:21,3/17/2022 15:23,IP Address,100,166,TRUE,3/17/2022 15:23,R_3h5vFhCsFCs6bpD,anonymous,EN,0.899999976,I am over 18 years old and I consent to participating in this research project,About 20 times or more a day,Slightly unattractive,Slightly distressing,Avoid about ¼ of the time,Slightly preoccupied,Not at all,Not at all,Slightly,Not at all,"Instagram,Snapchat,YouTube",3 - 10 hrs/day,Instagram,"Celebrities,Music, songs, movies,Video games ,Technology and smartphones",Yes,Yes,Mockery,18-20,Sophomore,Male,He/Any,56
3/17/2022 22:24,3/17/2022 22:28,IP Address,100,284,TRUE,3/17/2022 22:28,R_ThEDhGUMtwv71qF,anonymous,EN,0.899999976,I am over 18 years old and I consent to participating in this research project,About 5 times or more a day,Slightly unattractive,Not at all distressing,Avoid about ¼ of the time,Slightly preoccupied,Slightly,Not at all,Slightly,Slightly,"Instagram,YouTube",<3 hrs/day,YouTube,"Body health/Fitness, Beauty,Music, songs, movies,Nutrition, food, cooking,Video games ,Sports news and competition,Technology and smartphones,Travel and tourism ,Art",No,No,NA,21-24,Junior,Male,He/Him,None
3/18/2022 1:29,3/18/2022 1:34,IP Address,100,290,TRUE,3/18/2022 1:34,R_XG6FVObDO8nS9eF,anonymous,EN,1,I am over 18 years old and I consent to participating in this research project,About 20 times or more a day,Moderately unattractive,Slightly distressing,Avoid about ¼ of the time,Slightly preoccupied,Moderately,Slightly,Slightly,Slightly,"Instagram,Facebook,Snapchat,Pinterest,YouTube,TikTok",3 - 10 hrs/day,"Facebook,Pinterest,YouTube","Fashion related,Body health/Fitness, Beauty,Music, songs, movies,Video games ,Technology and smartphones,Travel and tourism ,Art",Yes,No,NA,21-24,Junior,Female,she/her,14
3/18/2022 15:09,3/18/2022 15:15,IP Address,100,358,TRUE,3/18/2022 15:15,R_YVwCfsS2vXOVUk1,anonymous,EN,0.899999976,I am over 18 years old and I consent to participating in this research project,About 5 times or more a day,Moderately unattractive,Moderately distressing,Avoid about ¼ of the time,Not at all preoccupied,Slightly,Not at all,Slightly,Not at all,"Instagram,YouTube",3 - 10 hrs/day,YouTube,"Music, songs, movies,Nutrition, food, cooking,Video games ,Art",Yes,No,NA,18-20,Junior,Female,she/her,28
3/18/2022 16:39,3/18/2022 16:42,IP Address,100,205,TRUE,3/18/2022 16:42,R_12hglV7ZY5GsKt2,anonymous,EN,1,I am over 18 years old and I consent to participating in this research project,About 20 times or more a day,Slightly unattractive,Markedly distressing,Avoid about ¼ of the time,Moderately preoccupied,Moderately,Moderately,Moderately,Mostly,"Instagram,Facebook,Snapchat,Pinterest,TikTok",3 - 10 hrs/day,"Snapchat,TikTok","Celebrities,Body health/Fitness, Beauty,Music, songs, movies,Nutrition, food, cooking,Shopping,Medical related topics ,Travel and tourism",Yes,Yes,"Insult or abuse,Bullying,Others",18-20,Sophomore,Female,she/her,16
3/19/2022 0:19,3/19/2022 0:22,IP Address,100,188,TRUE,3/19/2022 0:22,R_2P07CVVkBpZUSit,anonymous,EN,0.899999976,I am over 18 years old and I consent to participating in this research project,About 5 times or more a day,Slightly unattractive,Not at all distressing,Avoid about ¾ of the time,Slightly preoccupied,Not at all,Not at all,Slightly,Slightly,"Facebook,Snapchat,YouTube",<3 hrs/day,Snapchat,Video games,No,No,NA,25+,Junior,Male,He,None
3/20/2022 14:08,3/20/2022 14:13,IP Address,100,287,TRUE,3/20/2022 14:13,R_12JxP7ZlAWj74ta,anonymous,EN,1,I am over 18 years old and I consent to participating in this research project,About 20 times or more a day,Moderately unattractive,Moderately distressing,Avoid about ¼ of the time,Slightly preoccupied,Moderately,Slightly,Moderately,Slightly,YouTube,<3 hrs/day,YouTube,"Fashion related,Music, songs, movies,Nutrition, food, cooking,Video games ,Shopping,Politics,Art",Yes,Yes,"Mockery,Insult or abuse,Threats or defamation,Incitement to do immoral acts ,Others",18-20,Senior,Female,she/her,16
3/20/2022 22:19,3/20/2022 22:26,IP Address,100,420,TRUE,3/20/2022 22:26,R_6ME0RGZxeYKNlu1,anonymous,EN,1,I am over 18 years old and I consent to participating in this research project,About 5 times or more a day,Moderately unattractive,Markedly distressing,Avoid about ¾ of the time,Moderately preoccupied,Slightly,Slightly,Slightly,Slightly,"Instagram,Snapchat,Pinterest,YouTube",3 - 10 hrs/day,YouTube,"Celebrities,Body health/Fitness, Beauty,Music, songs, movies,Nutrition, food, cooking,Video games ,Medical related topics ,Technology and smartphones,Travel and tourism ,Politics,Art",No,Yes,"Mockery,Insult or abuse",21-24,Sophomore,Female,she/her,30
3/20/2022 22:46,3/21/2022 0:18,IP Address,100,5534,TRUE,3/21/2022 0:18,R_2dKiGTU8FbVXGTW,anonymous,EN,NA,I am over 18 years old and I consent to participating in this research project,About 10 times or more a day,Markedly unattractive,Moderately distressing,Avoid about ¼ of the time,Not at all preoccupied,Slightly,Not at all,Slightly,Mostly,"Instagram,Snapchat,YouTube,TikTok",3 - 10 hrs/day,TikTok,"Fashion related,Music, songs, movies,Travel and tourism ,Politics,Art",Yes,No,NA,18-20,Sophomore,Female,she/her,30
3/21/2022 12:59,3/21/2022 13:03,IP Address,100,267,TRUE,3/21/2022 13:03,R_1eEJXLIka1KB1GV,anonymous,EN,0.899999976,I am over 18 years old and I consent to participating in this research project,About 5 times or more a day,Not at all unattractive,Not at all distressing,Never avoid,Not at all preoccupied,Not at all,Not at all,Not at all,Not at all,"Instagram,YouTube",<3 hrs/day,Instagram,"Fashion related,Music, songs, movies,Nutrition, food, cooking,Sports news and competition,Shopping,Travel and tourism ,Business and economy ,Politics,Art",No,No,NA,25+,Junior,Male,he/him,26
3/21/2022 18:27,3/21/2022 18:29,IP Address,100,150,TRUE,3/21/2022 18:29,R_2c7urgSA5ypW960,anonymous,EN,0.899999976,I am over 18 years old and I consent to participating in this research project,About 5 times or more a day,Slightly unattractive,Slightly distressing,Avoid about ¼ of the time,Slightly preoccupied,Markedly,Not at all,Moderately,Moderately,"Instagram,Facebook,Snapchat,Pinterest,YouTube,TikTok",3 - 10 hrs/day,"Instagram,Snapchat,TikTok","Celebrities,Music, songs, movies,Shopping,Travel and tourism",Yes,No,NA,18-20,Freshman,Female,she/her,24
3/21/2022 18:26,3/21/2022 18:29,IP Address,100,201,TRUE,3/21/2022 18:29,R_3Jhvm88mTYrthSh,anonymous,EN,0.800000012,I am over 18 years old and I consent to participating in this research project,About 10 times or more a day,Slightly unattractive,Slightly distressing,Never avoid,Slightly preoccupied,Slightly,Not at all,Not at all,Not at all,"Instagram,Facebook,Snapchat,Pinterest,YouTube,TikTok",3 - 10 hrs/day,Snapchat,"Music, songs, movies,Shopping,Travel and tourism ,Sex and sex education",Yes,Yes,Insult or abuse,18-20,Freshman,Female,she/her/hers,24
3/21/2022 18:32,3/21/2022 18:40,IP Address,100,488,TRUE,3/21/2022 18:40,R_32RNMurznT1Z3Tn,anonymous,EN,0.899999976,I am over 18 years old and I consent to participating in this research project,About 5 times or more a day,Moderately unattractive,Slightly distressing,Never avoid,Slightly preoccupied,Slightly,Not at all,Not at all,Not at all,"Instagram,Pinterest,YouTube",<3 hrs/day,"Instagram,YouTube","Fashion related,Music, songs, movies,Nutrition, food, cooking,Video games ,Medical related topics ,Art",No,No,NA,18-20,Sophomore,Female,she/her,12
3/21/2022 18:35,3/21/2022 18:41,IP Address,100,348,TRUE,3/21/2022 18:41,R_3G8KLXfE3xCllli,anonymous,EN,1,I am over 18 years old and I consent to participating in this research project,About 20 times or more a day,Moderately unattractive,Slightly distressing,Avoid about ¼ of the time,Slightly preoccupied,Slightly,Not at all,Moderately,Not at all,"Instagram,Pinterest",<3 hrs/day,"Instagram,Pinterest","Music, songs, movies,Nutrition, food, cooking,Religion related,Art",No,No,NA,18-20,Sophomore,Female,She/her,12
3/21/2022 18:42,3/21/2022 18:45,IP Address,100,194,TRUE,3/21/2022 18:45,R_1dLZLvsHckE2xGn,anonymous,EN,0.899999976,I am over 18 years old and I consent to participating in this research project,About 5 times or more a day,Moderately unattractive,Moderately distressing,Avoid about half of the time,Moderately preoccupied,Moderately,Not at all,Slightly,Moderately,"Instagram,Snapchat,YouTube",<3 hrs/day,YouTube,"Body health/Fitness, Beauty,Music, songs, movies,Technology and smartphones,Business and economy ,Politics,Art",No,No,NA,18-20,Sophomore,Male,He/him,22
3/21/2022 18:44,3/21/2022 18:47,IP Address,100,210,TRUE,3/21/2022 18:47,R_1QuziZGN5NQYeeM,anonymous,EN,1,I am over 18 years old and I consent to participating in this research project,About 10 times or more a day,Moderately unattractive,Markedly distressing,Avoid about ¼ of the time,Moderately preoccupied,Slightly,Slightly,Slightly,Mostly,"Instagram,Facebook,Snapchat,Pinterest,YouTube,TikTok",3 - 10 hrs/day,"Instagram,Snapchat,Pinterest,TikTok","Fashion related,Body health/Fitness, Beauty,Nutrition, food, cooking,Shopping,Travel and tourism",Yes,No,NA,18-20,Sophomore,Female,She/her,28
3/21/2022 18:46,3/21/2022 18:50,IP Address,100,232,TRUE,3/21/2022 18:50,R_2wc4O3Sfqrq05e3,anonymous,EN,1,I am over 18 years old and I consent to participating in this research project,About 10 times or more a day,Slightly unattractive,Slightly distressing,Avoid about ¼ of the time,Slightly preoccupied,Slightly,Not at all,Slightly,Not at all,"Instagram,Snapchat,YouTube,TikTok",3 - 10 hrs/day,"Instagram,Snapchat","Celebrities,Fashion related,Body health/Fitness, Beauty,Sports news and competition,Shopping",No,No,NA,18-20,Freshman,Female,She/Her,32
3/21/2022 19:00,3/21/2022 19:03,IP Address,100,206,TRUE,3/21/2022 19:03,R_2EtLWn9UYDybk0E,anonymous,EN,0.899999976,I am over 18 years old and I consent to participating in this research project,About 10 times or more a day,Moderately unattractive,Moderately distressing,Avoid about ¼ of the time,Slightly preoccupied,Slightly,Slightly,Slightly,Not at all,"Instagram,Snapchat,TikTok",3 - 10 hrs/day,"Snapchat,TikTok","Fashion related,Music, songs, movies,Travel and tourism ,Art",Yes,No,NA,18-20,Freshman,Female,she/her,16
3/21/2022 19:02,3/21/2022 19:05,IP Address,100,187,TRUE,3/21/2022 19:05,R_3MoLn15gbc3aEcA,anonymous,EN,1,I am over 18 years old and I consent to participating in this research project,About 20 times or more a day,Moderately unattractive,Moderately distressing,Avoid about ¼ of the time,Moderately preoccupied,Markedly,Slightly,Moderately,Slightly,"Instagram,Snapchat,Pinterest,TikTok",3 - 10 hrs/day,TikTok,"Fashion related,Music, songs, movies,Nutrition, food, cooking,Travel and tourism ,Art,Sex and sex education",Yes,No,NA,21-24,Junior,Female,She/they,22
3/21/2022 19:18,3/21/2022 19:20,IP Address,100,117,TRUE,3/21/2022 19:20,R_3JDgAcconjdeTsK,anonymous,EN,0.899999976,I am over 18 years old and I consent to participating in this research project,About 20 times or more a day,Very ugly or ‘not right’,Extremely distressing,Avoid about half of the time,Very preoccupied,Markedly,Slightly,Slightly,Mostly,"Instagram,Facebook,Snapchat,TikTok",3 - 10 hrs/day,TikTok,"Body health/Fitness, Beauty,Nutrition, food, cooking,Shopping,Art",Yes,Yes,"Mockery,Insult or abuse,Bullying,Threats or defamation",18-20,Junior,Female,she/her,34
3/21/2022 19:17,3/21/2022 19:21,IP Address,100,270,TRUE,3/21/2022 19:21,R_3RwvIozruxwzd5C,anonymous,EN,0.899999976,I am over 18 years old and I consent to participating in this research project,About 40 times or more a day,Markedly unattractive,Markedly distressing,Avoid about ¾ of the time,Very preoccupied,Moderately,Moderately,Markedly,Moderately,"Instagram,Snapchat,TikTok",3 - 10 hrs/day,Snapchat,"Music, songs, movies,Travel and tourism ,Art",Yes,No,NA,18-20,Sophomore,Female,She/Her,48
3/21/2022 19:33,3/21/2022 19:36,IP Address,100,201,TRUE,3/21/2022 19:36,R_3Evg26neUH2GFzt,anonymous,EN,0.899999976,I am over 18 years old and I consent to participating in this research project,About 40 times or more a day,Very ugly or ‘not right’,Extremely distressing,Avoid about half of the time,Very preoccupied,Markedly,Moderately,Markedly,Mostly,"Instagram,Pinterest,YouTube,TikTok",<3 hrs/day,"Instagram,YouTube,TikTok","Music, songs, movies,Video games ,Technology and smartphones,Travel and tourism ,Art",Yes,No,NA,18-20,Freshman,Female,she/they,50
3/21/2022 20:42,3/21/2022 20:50,IP Address,100,459,TRUE,3/21/2022 20:50,R_uqqd8B9VSJr2fxT,anonymous,EN,0.899999976,I am over 18 years old and I consent to participating in this research project,About 5 times or more a day,Markedly unattractive,Slightly distressing,Avoid about ¼ of the time,Slightly preoccupied,Moderately,Slightly,Slightly,Not at all,"Instagram,Snapchat,YouTube,TikTok",10 - 20 hrs/day,"Instagram,YouTube","Celebrities,Music, songs, movies,Video games ,Sports news and competition,Art",No,No,NA,18-20,Freshman,Non-binary / third gender,they/she,56
3/21/2022 22:36,3/21/2022 22:41,IP Address,100,311,TRUE,3/21/2022 22:41,R_1k0Qz5an7CgvIJO,anonymous,EN,0.899999976,I am over 18 years old and I consent to participating in this research project,About 40 times or more a day,Slightly unattractive,Slightly distressing,Never avoid,Very preoccupied,Moderately,Slightly,Not at all,Mostly,"Instagram,Snapchat,YouTube",<3 hrs/day,Instagram,"Celebrities,Fashion related,Body health/Fitness, Beauty,Music, songs, movies,Sports news and competition",Yes,Yes,Threats or defamation,18-20,Freshman,Male,he/him/his,22
3/22/2022 0:35,3/22/2022 0:39,IP Address,100,215,TRUE,3/22/2022 0:39,R_a65fOR4JQbmdS6d,anonymous,EN,1,I am over 18 years old and I consent to participating in this research project,About 10 times or more a day,Slightly unattractive,Not at all distressing,Never avoid,Not at all preoccupied,Not at all,Not at all,Slightly,Slightly,"Snapchat,Pinterest,YouTube",<3 hrs/day,Snapchat,"Fashion related,Body health/Fitness, Beauty,Music, songs, movies,Sports news and competition,Shopping,Travel and tourism",Yes,Yes,Incitement to do immoral acts,18-20,Freshman,Female,She/Her,30
3/22/2022 12:11,3/22/2022 12:17,IP Address,100,325,TRUE,3/22/2022 12:17,R_6JO0HZ3SkejF6St,anonymous,EN,0.899999976,I am over 18 years old and I consent to participating in this research project,About 10 times or more a day,Not at all unattractive,Slightly distressing,Never avoid,Slightly preoccupied,Slightly,Not at all,Slightly,Slightly,"Instagram,Facebook,Snapchat,YouTube",3 - 10 hrs/day,"Snapchat,YouTube","Body health/Fitness, Beauty,Nutrition, food, cooking,Technology and smartphones,Travel and tourism ,Art",Yes,No,NA,21-24,Junior,Female,she/her/hers,10
3/22/2022 18:28,3/22/2022 18:41,IP Address,100,779,TRUE,3/22/2022 18:41,R_5ARUr5Dd8X571G9,anonymous,EN,1,I am over 18 years old and I consent to participating in this research project,Never check,Markedly unattractive,Moderately distressing,Avoid about ¼ of the time,Slightly preoccupied,Not at all,Not at all,Not at all,Slightly,"Instagram,Snapchat,YouTube,TikTok",3 - 10 hrs/day,"YouTube,TikTok","Celebrities,Fashion related,Music, songs, movies,Video games ,Travel and tourism ,Art",No,No,NA,18-20,Freshman,Male,He/him,14
3/22/2022 18:56,3/22/2022 18:59,IP Address,100,184,TRUE,3/22/2022 18:59,R_Dwz8BF9G4xxTNLj,anonymous,EN,0.800000012,I am over 18 years old and I consent to participating in this research project,About 20 times or more a day,Slightly unattractive,Moderately distressing,Avoid about ¼ of the time,Slightly preoccupied,Not at all,Not at all,Slightly,Moderately,"Instagram,Snapchat,TikTok",3 - 10 hrs/day,TikTok,"Celebrities,Fashion related,Body health/Fitness, Beauty,Music, songs, movies,Nutrition, food, cooking,Shopping,Politics,Art",Yes,No,NA,18-20,Sophomore,Female,she/her,16
3/22/2022 22:35,3/22/2022 22:39,IP Address,100,195,TRUE,3/22/2022 22:39,R_3mmoHozSErgFIWa,anonymous,EN,1,I am over 18 years old and I consent to participating in this research project,About 40 times or more a day,Markedly unattractive,Markedly distressing,Never avoid,Moderately preoccupied,Not at all,Not at all,Slightly,Slightly,"Instagram,Snapchat,Pinterest,YouTube",<3 hrs/day,Instagram,"Fashion related,Music, songs, movies,Art",Yes,No,NA,18-20,Sophomore,Female,she/her,22
3/22/2022 18:04,3/22/2022 23:46,IP Address,100,20528,TRUE,3/22/2022 23:46,R_1QflAfJqJXi1aeT,anonymous,EN,0.899999976,I am over 18 years old and I consent to participating in this research project,About 40 times or more a day,Moderately unattractive,Slightly distressing,Always avoid,Slightly preoccupied,Slightly,Moderately,Slightly,Slightly,Instagram,3 - 10 hrs/day,Snapchat,Celebrities,No,No,NA,18-20,Sophomore,Female,she,34
3/23/2022 12:00,3/23/2022 12:06,IP Address,100,357,TRUE,3/23/2022 12:06,R_2frsk2N6o9HNHeD,anonymous,EN,0.899999976,I am over 18 years old and I consent to participating in this research project,About 5 times or more a day,Moderately unattractive,Moderately distressing,Avoid about half of the time,Moderately preoccupied,Not at all,Moderately,Moderately,Moderately,"Instagram,Facebook,Snapchat,YouTube,TikTok",3 - 10 hrs/day,"Instagram,Facebook,Snapchat","Music, songs, movies,Nutrition, food, cooking,Medical related topics ,Technology and smartphones,Travel and tourism ,Business and economy ,Politics",Yes,Yes,"Mockery,Insult or abuse,Bullying,Threats or defamation",25+,Junior,Male,"he,him,his",30
3/23/2022 13:28,3/23/2022 13:33,IP Address,100,285,TRUE,3/23/2022 13:33,R_a3iaW83AWgiHPKV,anonymous,EN,0.899999976,I am over 18 years old and I consent to participating in this research project,About 10 times or more a day,Slightly unattractive,Slightly distressing,Never avoid,Moderately preoccupied,Not at all,Slightly,Not at all,Moderately,"Instagram,YouTube",3 - 10 hrs/day,YouTube,"Fashion related,Music, songs, movies,Video games ,Medical related topics ,Art",No,No,NA,18-20,Sophomore,Non-binary / third gender,they/them,18
3/23/2022 20:16,3/23/2022 20:19,IP Address,100,188,TRUE,3/23/2022 20:19,R_XNARZ85x3y37mcV,anonymous,EN,0.899999976,I am over 18 years old and I consent to participating in this research project,About 20 times or more a day,Slightly unattractive,Moderately distressing,Avoid about ¼ of the time,Very preoccupied,Extremely,Not at all,Moderately,Moderately,"Instagram,Snapchat,YouTube",3 - 10 hrs/day,"Instagram,Snapchat,YouTube","Celebrities,Fashion related,Body health/Fitness, Beauty,Music, songs, movies,Nutrition, food, cooking,Video games ,Sports news and competition,Shopping,Technology and smartphones",Yes,Yes,Bullying,18-20,Sophomore,Male,He/Him/His,36
3/24/2022 14:40,3/24/2022 14:42,IP Address,100,124,TRUE,3/24/2022 14:42,R_1H2Fg2bT0kvLiZk,anonymous,EN,0.899999976,I am over 18 years old and I consent to participating in this research project,About 20 times or more a day,Markedly unattractive,Moderately distressing,Avoid about ¾ of the time,Slightly preoccupied,Slightly,Moderately,Moderately,Slightly,"Instagram,Facebook,Snapchat,YouTube",3 - 10 hrs/day,Instagram,"Celebrities,Body health/Fitness, Beauty,Music, songs, movies",No,Yes,"Mockery,Insult or abuse,Bullying",25+,Senior,Male,he/him/his,36
3/24/2022 22:43,3/24/2022 22:47,IP Address,100,239,TRUE,3/24/2022 22:47,R_1RkuOOlx11jPBrr,anonymous,EN,0.899999976,I am over 18 years old and I consent to participating in this research project,About 10 times or more a day,Slightly unattractive,Moderately distressing,Avoid about half of the time,Very preoccupied,Moderately,Slightly,Slightly,Moderately,"Instagram,Facebook,Snapchat,YouTube,TikTok",<3 hrs/day,"Instagram,Snapchat,YouTube","Body health/Fitness, Beauty,Nutrition, food, cooking,Video games ,Technology and smartphones,Travel and tourism",Yes,No,NA,21-24,Junior,Male,He/ Him,32
3/24/2022 22:59,3/24/2022 23:02,IP Address,100,190,TRUE,3/24/2022 23:02,R_1oBbUttoF8kVROI,anonymous,EN,1,I am over 18 years old and I consent to participating in this research project,About 20 times or more a day,Moderately unattractive,Moderately distressing,Avoid about ¼ of the time,Very preoccupied,Not at all,Not at all,Not at all,Not at all,"Instagram,Snapchat,YouTube",3 - 10 hrs/day,YouTube,"Body health/Fitness, Beauty,Music, songs, movies,Nutrition, food, cooking,Video games ,Sports news and competition,Travel and tourism",No,Yes,"Mockery,Insult or abuse,Bullying",21-24,Junior,Male,He/Him,22
3/25/2022 0:18,3/25/2022 0:22,IP Address,100,209,TRUE,3/25/2022 0:22,R_ensJfoHVUySHMuB,anonymous,EN,0.899999976,I am over 18 years old and I consent to participating in this research project,About 10 times or more a day,Slightly unattractive,Slightly distressing,Never avoid,Slightly preoccupied,Not at all,Not at all,Not at all,Slightly,"Instagram,Snapchat,YouTube",3 - 10 hrs/day,Instagram,"Body health/Fitness, Beauty,Nutrition, food, cooking,Video games ,Religion related,Medical related topics ,Politics,Art",Yes,No,NA,18-20,Junior,Male,He/Him,12
3/25/2022 7:57,3/25/2022 8:02,IP Address,100,291,TRUE,3/25/2022 8:02,R_2EazWEMIZq2O78f,anonymous,EN,0.800000012,I am over 18 years old and I consent to participating in this research project,About 5 times or more a day,Slightly unattractive,Slightly distressing,Never avoid,Not at all preoccupied,Not at all,Not at all,Not at all,Not at all,"Instagram,Snapchat,YouTube",3 - 10 hrs/day,"Instagram,YouTube","Video games ,Art",No,No,NA,21-24,Junior,Male,He/him,6
3/25/2022 10:00,3/25/2022 10:10,IP Address,100,558,TRUE,3/25/2022 10:10,R_RCPQEMRHpRoaGqJ,anonymous,EN,0.899999976,I am over 18 years old and I consent to participating in this research project,About 10 times or more a day,Moderately unattractive,Slightly distressing,Avoid about ¼ of the time,Moderately preoccupied,Markedly,Not at all,Moderately,Slightly,YouTube,10 - 20 hrs/day,YouTube,"Music, songs, movies,Video games ,Art",No,No,NA,21-24,Senior,Male,He/Him,28
3/25/2022 11:05,3/25/2022 11:09,IP Address,100,225,TRUE,3/25/2022 11:09,R_3OdWoXiO0nGbvST,anonymous,EN,1,I am over 18 years old and I consent to participating in this research project,About 5 times or more a day,Slightly unattractive,Slightly distressing,Never avoid,Not at all preoccupied,Not at all,Not at all,Not at all,Moderately,"Instagram,Snapchat,YouTube,TikTok",3 - 10 hrs/day,"Instagram,Snapchat,YouTube,TikTok","Celebrities,Body health/Fitness, Beauty,Music, songs, movies,Nutrition, food, cooking,Sports news and competition,Politics",No,No,NA,21-24,Junior,Male,He/him,10
3/25/2022 13:20,3/25/2022 13:21,IP Address,100,97,TRUE,3/25/2022 13:21,R_Zb2vN5qSsUMTHah,anonymous,EN,1,I am over 18 years old and I consent to participating in this research project,About 5 times or more a day,Very ugly or ‘not right’,Moderately distressing,Avoid about half of the time,Slightly preoccupied,Slightly,Not at all,Not at all,Not at all,"Snapchat,YouTube",10 - 20 hrs/day,YouTube,"Music, songs, movies,Video games ,Sports news and competition,Technology and smartphones,Business and economy ,Politics,Art",No,No,NA,21-24,Other,Male,He/him,22
3/25/2022 14:31,3/25/2022 14:38,IP Address,100,367,TRUE,3/25/2022 14:38,R_5cdzEu6qCAKOxYl,anonymous,EN,0.899999976,I am over 18 years old and I consent to participating in this research project,About 10 times or more a day,Moderately unattractive,Slightly distressing,Never avoid,Slightly preoccupied,Moderately,Not at all,Not at all,Slightly,"Instagram,Facebook,Snapchat,YouTube",3 - 10 hrs/day,Snapchat,"Body health/Fitness, Beauty,Music, songs, movies,Video games ,Technology and smartphones",No,No,NA,21-24,Junior,Male,Deez/him,18
3/26/2022 21:13,3/26/2022 21:15,IP Address,100,142,TRUE,3/26/2022 21:15,R_2rpekTPztMGnS8h,anonymous,EN,0.899999976,I am over 18 years old and I consent to participating in this research project,About 5 times or more a day,Not at all unattractive,Not at all distressing,Never avoid,Not at all preoccupied,Not at all,Not at all,Not at all,Not at all,"Instagram,Snapchat,YouTube,TikTok",<3 hrs/day,"Instagram,Snapchat,TikTok","Celebrities,Fashion related,Body health/Fitness, Beauty,Music, songs, movies",No,No,NA,18-20,Freshman,Female,she/her,2
